MP,Party,Seat,2nd home allowance,London supplement,Office,Staffing,Central stationery,Stationery & postage,IT provision,Staff cover,Communications,Travel,Total
"Abbott, Ms Diane",LAB,Hackney North & Stoke Newington,0,2812,20178,90325,1521,3906,1351,1905,7948,1789,131735
"Adams, Mr Gerry",SF,West Belfast,21131,0,21273,90278,85,218,1329,0,0,3629,137943
"Afriyie, Adam",CON,Windsor,0,0,17297,83261,534,2270,1290,0,0,0,104652
"Ainger, Nick",LAB,Carmarthen West & Pembrokeshire South,15385,0,11863,98205,589,1760,1167,0,10597,6964,146530
"Ainsworth, Mr Peter",CON,Surrey East,12363,0,14168,94230,632,1753,1183,0,8244,5842,138415
"Ainsworth, Rt Hon Bob",LAB,Coventry North East,23083,0,19724,79747,426,978,1312,0,5547,3698,134515
"Alexander, Danny",LD,"Inverness, Nairn, Badenoch  and Strathspey  ",23083,0,20971,81712,950,2548,1002,0,11798,26414,168478
"Alexander, Rt Hon Douglas",LAB,Paisley & Renfrewshire South,17169,0,17335,66668,2141,4619,1396,0,6854,17945,134127
"Allen, Mr Graham",LAB,Nottingham North,22945,0,19608,85944,1446,5462,1291,0,16291,18211,171198
"Amess, Mr David",CON,Southend West,23063,0,19777,79624,782,2595,1293,0,2820,7794,137748
"Ancram, Rt Hon Michael",CON,Devizes,15756,0,10984,95089,534,1773,1192,0,1333,9034,135695
"Anderson, Janet",LAB,Rossendale & Darwen,23039,0,29281,82300,1367,5404,1270,0,9930,20965,173556
"Anderson, Mr David",LAB,Blaydon,21652,0,15305,90494,78,0,1168,7752,6737,13908,157094
"Arbuthnot, Rt Hon James",CON,Hampshire North East,23083,0,17170,84145,568,1838,1430,0,12792,5166,146192
"Armstrong, Rt Hon Hilary",LAB,Durham North West,11712,0,18621,75592,719,1418,1275,602,7583,20114,137636
"Atkins, Charlotte",LAB,Staffordshire Moorlands,23083,0,21324,90504,1497,5501,1284,0,9996,11269,164458
"Atkinson, Mr Peter",CON,Hexham,23083,0,17811,87025,416,2119,1119,0,4871,13926,150370
"Austin, John",LAB,Erith & Thamesmead,23083,0,14363,96202,937,2454,1066,0,5486,1694,145285
"Austin, Mr Ian",LAB,Dudley North,21925,0,19086,88703,1596,5400,1292,0,9503,7658,155163
"Bacon, Mr Richard",CON,Norfolk South,20888,0,21477,90163,641,2500,1055,0,3038,7736,147498
"Bailey, Mr Adrian",LAB,West Bromwich West,22862,0,16277,95548,540,1456,1125,2075,6618,6396,152897
"Baird, Vera QC",LAB,Redcar,19728,0,17355,94488,577,1560,1258,0,5109,11900,151975
"Baker, Norman",LD,Lewes,21862,0,24993,84032,1324,3913,1073,358,9488,5169,152212
"Baldry, Tony",CON,Banbury,23083,0,11124,87509,784,2205,1159,0,16129,5151,147144
"Balls, Rt Hon Ed",LAB,Normanton,12219,0,21429,90414,2126,4470,1071,0,9312,14485,155526
"Banks, Gordon",LAB,Ochil and South Perthshire,23083,0,23778,87744,892,2460,1079,0,10276,21794,171106
"Barker, Gregory",CON,Bexhill & Battle,21700,0,25056,92391,1024,4047,1262,0,8733,6417,160630
"Barlow, Ms Celia",LAB,Hove,0,0,22664,86070,692,2767,1071,0,13109,7936,134309
"Baron, Mr John",CON,Billericay,23083,0,13167,98653,1297,5355,1375,0,9909,3418,156257
"Barrett, John",LD,Edinburgh West,22663,0,21833,81275,1195,1992,1211,2016,9980,12276,154441
"Barron, Rt Hon Kevin",LAB,Rother Valley,23083,0,12160,98254,377,565,1089,0,8724,10532,154784
"Battle, Rt Hon John",LAB,Leeds West,18819,0,20622,90505,905,2071,1199,0,7363,14730,156214
"Bayley, Hugh",LAB,City of York,23083,0,20229,91614,1412,4117,1028,0,8364,13472,163319
"Beckett, Rt Hon Margaret",LAB,Derby South,16974,0,8066,107458,915,2382,686,0,525,200,137206
"Begg, Miss Anne",LAB,Aberdeen South,22116,0,23170,88673,1013,4376,1132,0,9652,16661,166793
"Beith, Rt Hon Sir Alan",LD,,17686,0,13491,85593,645,3040,1307,3719,12638,14444,152563
"Bell, Sir Stuart",LAB,Middlesbrough,22934,0,5086,77127,238,835,1061,0,5467,21185,133933
"Bellingham, Mr Henry",CON,Norfolk North West,22350,0,14424,85576,1257,4735,1378,0,3849,6790,140359
"Benn, Rt Hon Hilary",LAB,Leeds Central,11631,0,10661,64164,907,2218,1407,0,2839,10050,103877
"Benton, Mr Joe",LAB,Bootle,8363,0,8556,79667,426,1877,1076,0,0,12373,112338
"Benyon, Mr Richard",CON,Newbury,0,0,15501,75566,1189,3625,1269,0,6106,2472,105728
"Bercow, John",CON,Buckingham,23083,0,7006,55952,735,2115,1001,0,8144,5400,103436
"Beresford, Sir Paul",CON,Mole Valley,3521,0,15889,86294,228,1328,1362,0,15598,5054,129274
"Berry, Dr Roger",LAB,Kingswood,20781,0,20940,87024,1244,2385,1275,0,8157,6993,148799
"Betts, Mr Clive",LAB,Sheffield Attercliffe,23081,0,17096,94748,1393,3542,1347,0,9999,12049,163255
"Binley, Mr Brian",CON,Northampton South,21700,0,13809,82725,894,1808,1037,0,15332,5801,143106
"Blackman, Liz",LAB,Erewash,22588,0,21153,89239,1524,5023,1176,1622,6389,5853,154567
"Blackman-Woods, Dr Roberta",LAB,City of Durham,23041,0,19063,84254,2251,2116,1124,0,11873,14414,158136
"Blair, Rt Hon Tony",LAB,Sedgefield,5772,0,2181,19188,0,0,1249,35022,0,652,64064
"Blears, Rt Hon Hazel",LAB,Salford,23083,0,18636,92407,912,3382,1297,0,8518,16556,164791
"Blizzard, Mr Bob",LAB,Waveney,23082,0,21080,90485,1112,3522,1000,1411,10268,5759,157719
"Blunkett, Rt Hon David",LAB,Sheffield Brightside,23083,0,17624,87928,1071,3183,1309,0,10319,3055,147572
"Blunt, Mr Crispin",CON,Reigate,23083,0,19347,90703,670,2434,1303,0,0,3123,140663
"Bone, Mr Peter",CON,Wellingborough,23061,0,17240,94600,1519,4890,1065,0,9939,6355,158669
"Borrow, Mr David S",LAB,Ribble South,23083,0,21276,88173,1677,3772,1374,0,19006,14345,172706
"Boswell, Mr Tim",CON,Daventry,6332,0,11653,91367,629,2924,999,0,13895,3982,131781
"Bottomley, Peter",CON,Worthing West,23083,0,8748,82857,530,1877,1298,0,2599,5611,126603
"Bradshaw, Mr Ben",LAB,Exeter,19715,0,17117,84890,1446,4592,827,0,9556,3452,141595
"Brady, Mr Graham",CON,Altrincham & Sale West,23083,0,16287,86685,664,2351,825,0,0,15732,145627
"Brake, Tom",LD,Carshalton & Wallington,0,2812,22367,90505,-1854,5573,1261,0,6528,2589,129781
"Brazier, Mr Julian",CON,Canterbury,15071,0,10913,95117,829,3450,1059,0,2840,5521,134800
"Breed, Mr Colin",LD,Cornwall South East,17807,0,19113,74860,627,2025,1288,0,10308,12343,138371
"Brennan, Kevin",LAB,Cardiff West,23083,0,10708,72918,281,1250,1061,0,7618,10681,127600
"Brokenshire, James",CON,Hornchurch,368,0,14589,86036,668,1521,1165,0,2746,2122,109215
"Brooke, Annette",LD,Dorset Mid & Poole North,16285,0,19564,82177,825,3019,1216,0,4379,5456,132921
"Brown, Lyn",LAB,West Ham,15889,0,20358,93109,1858,4891,924,0,3255,253,140537
"Brown, Mr Russell",LAB,Dumfries and Galloway,19908,0,26925,83018,1646,2944,1187,0,9920,19477,165025
"Brown, Rt Hon Gordon",LAB,Kirkcaldy & Cowdenbeath,17073,0,18847,69915,294,1382,1138,0,2887,12918,124454
"Brown, Rt Hon Nicholas",LAB,Newcastle upon Tyne East & Wallsend,23068,0,11652,101153,314,1275,1346,0,10832,15675,165315
"Browne, Mr Jeremy",LD,Taunton,23074,0,19662,90251,1965,4989,1114,0,11205,8876,161136
"Browne, Rt Hon Des",LAB,Kilmarnock & Loudoun,17691,0,17422,87337,821,2204,1262,5303,4497,10404,146941
"Browning, Angela",CON,Tiverton & Honiton,22873,0,11498,98852,728,1881,1452,0,9682,7772,154738
"Bruce, Rt Hon Malcolm",LD,Gordon,23083,0,18862,92840,507,1226,1011,0,8290,25091,170910
"Bryant, Chris",LAB,Rhondda,23083,0,15193,88356,467,990,1204,0,8880,12228,150401
"Buck, Ms Karen",LAB,Regent's Park & Kensington North,0,2812,18720,92761,2591,4405,1182,0,9686,1077,133234
"Burden, Richard",LAB,Birmingham Northfield,21061,0,12339,96412,664,2389,1450,3523,12945,13469,164252
"Burgon, Colin",LAB,Elmet,22500,0,20433,89870,783,1530,1215,0,10866,10734,157931
"Burnham, Rt Hon Andy",LAB,Leigh,10504,0,13860,87563,683,2318,1211,0,861,10804,127804
"Burns, Mr Simon",CON,Chelmsford West,18908,0,18088,80478,661,3110,1265,0,8096,4931,135537
"Burrowes, Mr David",CON,Enfield Southgate,0,2812,18076,86713,827,2660,1180,2493,11329,877,126967
"Burstow, Mr Paul",LD,Sutton & Cheam,0,2812,12006,87754,1798,4963,1267,0,15525,2541,128666
"Burt, Alistair",CON,Bedfordshire North East,22322,0,23161,84767,523,1398,1135,0,6355,8511,148172
"Burt, Lorely",LD,Solihull,21398,0,20744,89154,1188,3077,1128,0,5609,6704,149002
"Butler, Ms Dawn",LAB,Brent South,23083,0,15137,88783,2029,4887,1039,4972,11396,189,151515
"Butterfill, Sir John",CON,Bournemouth West,22877,0,10617,76218,485,1275,1004,0,9063,5675,127214
"Byers, Rt Hon Stephen",LAB,Tyneside North,18091,0,20380,62166,516,1860,1244,0,8086,13026,125369
"Byrne, Rt Hon Liam",LAB,Birmingham Hodge Hill,23083,0,20273,91461,2519,4394,2721,1678,9576,8319,164024
"Cable, Dr Vincent",LD,Twickenham,0,2812,21333,90422,1152,3948,1255,0,3538,1680,126140
"Caborn, Rt Hon Richard",LAB,Sheffield Central,21755,0,19794,90784,633,2184,1170,0,4673,16066,157059
"Cairns, David",LAB,Inverclyde,23075,0,24946,74909,903,2760,1154,0,7404,10825,145976
"Cameron, Rt Hon David",CON,Witney,19626,0,7588,103630,2594,4399,1294,5412,2200,2086,148829
"Campbell, Mr Alan",LAB,Tynemouth,21188,0,23761,78998,1519,2452,1288,0,11851,17591,158648
"Campbell, Mr Gregory",DUP,East Londonderry,23083,0,5421,80112,291,1325,1362,0,0,24619,136213
"Campbell, Mr Ronnie",LAB,Blyth Valley,23083,0,20824,90455,353,1427,1093,0,9222,15256,161713
"Campbell, Rt Hon Sir Menzies",LD,Fife North East ,22570,0,13039,90794,797,2883,1323,6731,3294,15681,157112
"Carmichael, Mr Alistair",LD,Orkney and Shetland,23083,0,28462,77256,273,1160,1098,0,4017,40841,176190
"Carswell, Mr Douglas",CON,Harwich,23083,0,21290,84770,570,2871,1296,0,13204,6294,153378
"Cash, Mr William",CON,Stone,22312,0,12114,79792,127,255,509,0,9872,12598,137579
"Caton, Mr Martin",LAB,Gower,13022,0,14366,84769,258,1479,1095,0,9738,6597,131324
"Cawsey, Mr Ian",LAB,Brigg & Goole,18050,0,21700,85872,1770,4191,1166,5235,9954,11997,159935
"Challen, Colin",LAB,Morley & Rothwell,11412,0,12843,97437,1020,3063,1275,0,2189,17124,146363
"Chapman, Ben",LAB,Wirral South,23083,0,23481,81197,1564,5408,1305,0,13148,15513,164699
"Chaytor, Mr David",LAB,Bury North,21584,0,21754,90089,353,279,1049,0,8966,12135,156209
"Chope, Mr Christopher",CON,Christchurch,22792,0,23208,81998,371,1289,901,0,0,6433,136992
"Clapham, Mr Michael",LAB,Barnsley West & Penistone,20256,0,8052,62689,223,1812,1310,0,4121,8247,106710
"Clappison, Mr James",CON,Hertsmere,15916,0,13908,96998,828,2248,1178,0,9104,9318,149498
"Clark, Greg",CON,Tunbridge Wells,23000,0,5221,94003,788,1526,1089,0,3251,2876,131754
"Clark, Ms Katy",LAB,Ayrshire North and Arran,16661,0,23778,87140,494,1335,1189,0,9772,16483,156852
"Clark, Paul",LAB,Gillingham,22204,0,19901,84890,1228,3414,1250,0,6863,3652,143402
"Clarke, Rt Hon Charles",LAB,Norwich South,23083,0,19844,92000,1906,5092,1192,0,9831,9272,162220
"Clarke, Rt Hon Kenneth",CON,Rushcliffe,17565,0,6866,88112,807,1592,1104,0,1226,5804,123076
"Clarke, Rt Hon Tom",LAB,"Coatbridge, Chryston and Bellshill   ",16264,0,11684,99782,613,1422,1162,0,9238,15805,155970
"Clegg, Rt Hon Nick",LD,Sheffield Hallam,23083,0,20678,90505,961,2067,937,0,3703,7092,149026
"Clelland, Mr David",LAB,Tyne Bridge,17279,0,21358,87423,378,558,1375,0,2993,25019,156383
"Clifton-Brown, Mr Geoffrey",CON,Cotswold,23083,0,21402,82859,496,1447,1365,0,4019,3411,138082
"Clwyd, Rt Hon Ann",LAB,Cynon Valley,21165,0,14577,89847,836,4374,1007,0,4298,7815,143919
"Coaker, Mr Vernon",LAB,Gedling,12404,0,24011,86929,1380,3909,1196,0,9803,9135,148767
"Coffey, Ann",LAB,Stockport,21985,0,19447,86421,1383,1915,1496,0,7329,10270,150246
"Cohen, Harry",LAB,Leyton & Wanstead,23083,0,11341,100494,699,3109,1310,2810,9027,3153,155026
"Connarty, Michael",LAB,Linlithgow & Falkirk East,23083,0,29147,81455,685,3428,1173,6304,10932,27259,183466
"Conway, Derek",IND CON,Old Bexley & Sidcup,23033,0,23011,73772,395,959,1447,0,2746,5584,130947
"Cook, Frank",LAB,Stockton North,23083,0,16791,83261,360,1062,1296,0,9372,18677,153902
"Cooper, Rosie",LAB,Lancashire West,23083,0,18580,72096,1779,4848,1131,0,9746,12866,144129
"Cooper, Rt Hon Yvette",LAB,Pontefract & Castleford,12219,0,16588,90224,1759,4479,1120,1681,9130,15459,152659
"Corbyn, Jeremy",LAB,Islington North,0,2812,17873,93971,1189,4356,1136,0,6147,1826,129310
"Cormack, Sir Patrick",CON,Staffordshire South,22972,0,22350,79344,1100,5572,850,0,0,5229,137417
"Cousins, Jim",LAB,Newcastle upon Tyne Central,9649,0,17111,93902,982,2737,1174,0,4057,14454,144066
"Cox, Mr Geoffrey",CON,Devon West & Torridge,20250,0,20898,81135,567,1523,1238,0,6283,13466,145360
"Crabb, Mr Stephen",CON,Preseli Pembrokeshire,22243,0,25447,85390,755,2136,1104,1707,8591,11748,159121
"Crausby, Mr David",LAB,Bolton North East,23083,0,19137,85344,334,1190,1261,0,7663,9930,147942
"Creagh, Mary",LAB,Wakefield,23083,0,14452,82651,1016,3529,1138,0,9161,7614,142644
"Cruddas, Jon",LAB,Dagenham,23071,0,13067,82371,2146,4830,1118,5295,9469,3594,144961
"Cryer, Mrs Ann",LAB,Keighley,19765,0,20269,91316,1845,2989,1350,0,8304,12352,158190
"Cummings, John",LAB,Easington,22075,0,12294,99549,227,988,1183,0,0,19728,156044
"Cunningham, Mr Jim",LAB,Coventry South,17365,0,9958,75248,441,2360,1358,599,1491,4418,113238
"Cunningham, Tony",LAB,Workington,16903,0,10860,77036,595,1760,1080,0,887,18704,127825
"Curry, Rt Hon David",CON,Skipton & Ripon,9439,0,18172,90382,591,2237,1090,0,0,9988,131899
"Curtis-Thomas, Mrs Claire",LAB,Crosby,23083,0,14187,97656,901,3678,1340,0,9651,15125,165621
"Darling, Rt Hon Alistair",LAB,Edinburgh South West,9837,0,19085,90933,423,1394,1021,0,7579,21632,151904
"Davey, Mr Edward",LD,Kingston & Surbiton,0,2812,26281,85362,1109,2137,1203,17603,9690,2004,148201
"David, Mr Wayne",LAB,Caerphilly,22700,0,13171,97670,620,1886,1250,0,547,11192,149036
"Davidson, Mr Ian",LAB,Glasgow South West,23083,0,26679,79814,1363,4633,1292,0,13710,19440,170014
"Davies, Dai",IND,Blaenau Gwent,22506,0,13738,79059,48,408,895,0,0,3043,119697
"Davies, David T. C.",CON,Monmouth,23020,0,23056,81646,525,1360,1039,0,17097,12455,160198
"Davies, Mr Quentin",LAB,Grantham & Stamford,23083,0,3941,97137,278,789,1157,5177,0,11295,142857
"Davies, Philip",CON,Shipley,23083,0,19985,90257,1002,3276,1107,0,10732,11858,161300
"Davis, Rt Hon David",CON,Haltemprice & Howden,17643,0,19258,88036,462,1489,1316,0,2871,10888,141963
"Dean, Mrs Janet",LAB,Burton,17261,0,11816,83932,1216,2938,1472,0,7885,5054,131574
"Denham, Rt Hon John",LAB,Southampton Itchen,23083,0,17574,89780,1185,3433,1417,877,9690,7221,154260
"Devine, Jim",LAB,Livingston,22898,0,21274,89532,1610,3662,1033,0,10028,19096,169133
"Dhanda, Mr Parmjit",LAB,Gloucester,20805,0,12319,93256,2405,4421,1325,0,11873,7502,153906
"Dismore, Mr Andrew",LAB,Hendon,3815,0,21377,90457,752,6205,1265,0,9930,3644,137445
"Djanogly, Mr Jonathan",CON,Huntingdon,19736,0,16512,87925,801,3574,1249,5048,8913,5639,149397
"Dobbin, Jim",LAB,Heywood & Middleton,9425,0,16088,95754,481,0,1309,0,697,9130,132884
"Dobson, Rt Hon Frank",LAB,Holborn & St Pancras,0,2812,4371,85304,881,1648,26,0,2625,173,97840
"Dodds, Mr Nigel",DUP,North Belfast,22992,0,29812,74351,1118,4052,1301,0,10111,27872,171609
"Doherty, Mr Pat",SF,West Tyrone,21000,0,21293,87083,210,622,1300,0,0,4915,136423
"Donaldson, Rt Hon Jeffrey M.",DUP,Lagan Valley,20342,0,20758,89492,1169,3176,982,0,5360,19816,161095
"Donohoe, Mr Brian H.",LAB,Ayrshire Central,23083,0,20254,83894,609,2558,1291,0,6170,25531,163390
"Doran, Mr Frank",LAB,Aberdeen North,22854,0,23587,88257,1107,3211,1346,0,7305,24050,171717
"Dorrell, Rt Hon Stephen",CON,Charnwood,22368,0,5638,87978,700,2540,1135,0,0,6120,126479
"Dorries, Nadine",CON,Bedfordshire Mid,22528,0,19399,87098,250,665,1132,0,12989,8257,152318
"Dowd, Jim",LAB,Lewisham West,0,2812,22723,88998,611,2277,1261,0,9701,2782,131165
"Drew, Mr David",LAB,Stroud,10479,0,14902,89330,1268,5732,1762,0,2203,7580,133256
"Duddridge, James",CON,Rochford & Southend East,22975,0,19788,90280,1465,5237,1290,7646,7359,3965,160005
"Duncan Smith, Rt Hon Iain",CON,Chingford & Woodford Green,0,2812,16641,78983,276,1291,1257,0,6593,5052,112905
"Duncan, Mr Alan",CON,Rutland & Melton,23027,0,26763,82886,499,2538,1111,0,4023,7601,148448
"Dunne, Mr Philip",CON,Ludlow,0,0,20547,90297,1380,4417,1149,0,10312,6081,134183
"Durkan, Mark",SDLP,Foyle,20796,0,21882,85326,237,545,1199,0,6841,12538,149364
"Eagle, Angela",LAB,Wallasey,7045,0,19116,89492,1062,1534,1204,2028,9570,9702,140753
"Eagle, Maria",LAB,Liverpool Garston,17124,0,12047,99797,982,1870,1480,0,9905,10537,153742
"Efford, Clive",LAB,Eltham,0,2812,18393,90939,1164,1818,1195,0,11302,2217,129840
"Ellman, Mrs Louise",LAB,Liverpool Riverside,22831,0,14530,96836,654,2030,1277,0,9942,15376,163476
"Ellwood, Mr Tobias",CON,Bournemouth East,23083,0,29718,66091,240,980,1065,0,1954,7055,130186
"Engel, Mrs Natascha",LAB,Derbyshire North East,20267,0,16923,90183,793,2124,966,0,11523,6842,149621
"Ennis, Jeff",LAB,Barnsley East & Mexborough,11632,0,9729,74104,281,439,1181,0,1987,10278,109631
"Etherington, Bill",LAB,Sunderland North,22922,0,16323,95465,329,1907,1227,1086,0,17208,156467
"Evans, Mr Nigel",CON,Ribble Valley,18374,0,11512,75973,514,1531,1203,0,1931,15005,126043
"Evennett, Mr David",CON,Bexleyheath & Crayford,0,2812,13369,82406,389,1635,1117,0,4611,2498,108837
"Fabricant, Michael",CON,Lichfield,23083,0,12383,73789,569,2819,521,0,5079,7831,126074
"Fallon, Mr Michael",CON,Sevenoaks,22853,0,12413,72015,430,1125,1183,0,4738,4910,119667
"Farrelly, Paul",LAB,,23083,0,17446,94396,664,1333,1171,0,10000,18962,167055
"Farron, Tim",LD,Westmorland & Lonsdale,23050,0,25617,81776,1165,2543,1138,0,8655,16489,160433
"Featherstone, Lynne",LD,Hornsey & Wood Green,0,2812,15808,94107,1021,1369,1138,0,11924,1252,129431
"Field, Mr Mark",CON,Cities of London & Westminster,0,2812,13540,93805,328,1565,896,3168,14014,943,131071
"Field, Rt Hon Frank",LAB,Birkenhead,9573,0,8242,98711,567,1389,1214,0,6663,9236,135595
"Fisher, Mark",LAB,Stoke-on-Trent Central,23083,0,8211,99814,493,600,1219,0,5940,8304,147664
"Fitzpatrick, Jim",LAB,Poplar & Canning Town,0,2812,10984,89352,1210,5741,1073,4471,5360,550,121553
"Flello, Mr Robert",LAB,Stoke-on-Trent South,20797,0,24990,86854,2654,4345,1376,0,9389,11711,162116
"Flint, Rt Hon Caroline",LAB,Don Valley,20861,0,19114,89319,1269,5730,1591,0,9580,11309,158773
"Flynn, Paul",LAB,Newport West,16958,0,13913,92902,202,510,1209,0,7171,8096,140961
"Follett, Barbara",LAB,Stevenage,22254,0,19907,91715,362,3047,1490,0,0,372,139147
"Foster, Michael Jabez",LAB,Hastings & Rye,14990,0,28852,82992,1962,4760,1308,0,10000,4454,149318
"Foster, Mr Don",LD,Bath,22754,0,20266,93729,978,1792,1346,1148,9196,5697,156906
"Foster, Mr Michael",LAB,Worcester,22847,0,16921,86832,1057,3785,1429,0,14669,7008,154548
"Fox, Dr Liam",CON,Woodspring,20746,0,19651,91346,363,1028,1398,0,9283,9501,153316
"Francis, Dr Hywel",LAB,Aberavon,23083,0,17312,90366,337,1195,1157,0,11446,11383,156279
"Francois, Mr Mark",CON,Rayleigh,20689,0,11739,88842,1044,3215,1490,0,7639,7134,141792
"Fraser, Christopher",CON,Norfolk South West,23022,0,14217,91412,586,1896,1090,0,10459,11140,153822
"Gale, Mr Roger",CON,Thanet North,9375,0,22100,89088,1931,4835,915,0,3516,5577,137337
"Galloway, Mr George",RES,Bethnal Green & Bow,0,1978,17721,94005,47,485,1058,11096,10000,0,136390
"Gapes, Mike",LAB,Ilford South,22291,0,20616,91227,572,1800,1425,0,5898,3834,147663
"Gardiner, Barry",LAB,Brent North,15079,0,11946,93888,1799,4959,1333,0,10587,4501,144092
"Garnier, Mr Edward",CON,Harborough,23080,0,15648,91243,399,1963,1008,0,6305,9838,149484
"Gauke, Mr David",CON,Hertfordshire South West,20186,0,6962,85630,539,1291,878,0,4426,1870,121782
"George, Andrew",LD,St Ives,23083,0,27110,86872,1651,5292,1157,1109,6774,17319,170367
"George, Rt Hon Bruce",LAB,Walsall South,15940,0,12448,90450,439,1052,1389,0,259,7924,129901
"Gerrard, Mr Neil",LAB,Walthamstow,0,2812,8733,83247,626,1570,1240,10035,5721,3060,117044
"Gibb, Mr Nick",CON,Bognor Regis & Littlehampton,23053,0,12941,90191,668,2025,1364,18771,0,9528,158541
"Gibson, Dr Ian",LAB,Norwich North,16216,0,10754,98119,796,2271,1023,0,4095,2967,136241
"Gidley, Sandra",LD,Romsey,22497,0,21283,92344,1566,3936,1445,1000,9934,5631,159636
"Gildernew, Michelle",SF,Fermanagh and South Tyrone,21000,0,21158,90506,111,519,1378,0,0,3600,138272
"Gillan, Mrs Cheryl",CON,Chesham & Amersham,23057,0,19956,91658,815,5329,1217,0,3150,8704,153886
"Gilroy, Linda",LAB,Plymouth Sutton,20283,0,14057,85836,921,3456,1350,0,7188,7809,140900
"Godsiff, Mr Roger",LAB,Birmingham Sparkbrook & Small Heath,23083,0,16376,95459,1441,5497,1208,0,10008,10813,163885
"Goggins, Paul",LAB,Wythenshawe & Sale East,20824,0,29032,77553,1081,2524,1077,0,4172,8029,144292
"Goldsworthy, Julia",LD,Falmouth & Camborne,21576,0,21648,90195,1129,3246,1015,0,9326,11190,159325
"Goodman, Helen",LAB,Bishop Auckland,23083,0,11902,73721,506,3453,970,0,10685,21396,145716
"Goodman, Mr Paul",CON,Wycombe,13831,0,10493,89477,501,1199,959,0,9882,2557,128899
"Goodwill, Mr Robert",CON,Scarborough & Whitby,22897,0,15724,88496,346,1965,1050,0,4512,10397,145387
"Gove, Michael",CON,Surrey Heath,23083,0,15602,89446,516,1016,1141,0,15705,5562,152071
"Gray, Mr James",CON,Wiltshire North,23083,0,15192,79509,752,2806,1184,0,9368,7634,139528
"Grayling, Chris",CON,Epsom & Ewell,15332,0,22143,89699,927,1220,1163,0,9439,10105,150028
"Green, Damian",CON,Ashford,22350,0,10512,84955,275,694,1111,7980,7536,5533,140946
"Greening, Justine",CON,Putney,0,2812,20379,83285,817,2588,1237,0,7910,1407,120435
"Greenway, Mr John",CON,Ryedale,23082,0,15370,80870,147,872,1426,0,0,9200,130967
"Grieve, Mr Dominic",CON,Beaconsfield,18668,0,21582,80741,946,2792,1386,0,0,2228,128343
"Griffith, Nia",LAB,Llanelli,22911,0,18403,91165,529,820,987,0,12275,11339,158429
"Griffiths, Nigel",LAB,Edinburgh South,15943,0,23461,81799,1022,5215,1445,0,13264,15918,158067
"Grogan, Mr John",LAB,Selby,23083,0,20757,91086,830,3758,1414,0,2220,15329,158477
"Gummer, Rt Hon John",CON,Suffolk Coastal,23076,0,15384,72787,530,2577,1212,0,1859,1361,118786
"Gwynne, Andrew",LAB,Denton & Reddish,23026,0,16576,94381,545,92,1280,0,10391,16034,162325
"Hague, Rt Hon William",CON,Richmond,21376,0,15726,88468,981,4061,1234,0,336,12941,145123
"Hain, Rt Hon Peter",LAB,Neath,23083,0,19226,91415,981,3367,1421,3112,9377,8844,160826
"Hall, Mr Mike",LAB,Weaver Vale,23067,0,17087,94671,1820,5175,1147,0,9793,15031,167791
"Hall, Patrick",LAB,Bedford,14940,0,17836,88444,804,1483,1180,0,5326,1377,131390
"Hamilton, Mr David",LAB,Midlothian,17784,0,16114,78550,18,190,1350,0,4893,15401,134300
"Hamilton, Mr Fabian",LAB,Leeds North East,23083,0,30380,81322,1348,3120,1492,8481,9809,12789,171824
"Hammond, Mr Philip",CON,Runnymede & Weybridge,23075,0,12046,78705,329,965,1261,0,1530,4675,122586
"Hammond, Stephen",CON,Wimbledon,0,2812,13787,93901,661,2456,1107,0,9608,4162,128494
"Hancock, Mr Mike",LD,Portsmouth South,10859,0,21251,85508,1758,4947,1259,0,9358,7407,142347
"Hands, Mr Greg",CON,Hammersmith & Fulham,0,2812,20731,87397,587,3174,1305,0,5351,0,121357
"Hanson, Rt Hon David",LAB,Delyn,23048,0,12250,86672,1270,4696,1115,0,9438,15305,153794
"Harman, Rt Hon Harriet",LAB,Camberwell & Peckham,0,2812,9241,99397,1876,3774,1158,0,9074,353,127685
"Harper, Mr Mark",CON,Forest of Dean,22978,0,21262,84265,772,2961,976,0,9362,8987,151563
"Harris, Dr Evan",LD,Oxford West & Abingdon,23081,0,24955,86888,617,1700,1348,0,10000,12334,160923
"Harris, Mr Tom",LAB,Glasgow South,23083,0,23413,86848,776,3145,1003,0,7327,21396,166991
"Harvey, Nick",LD,Devon North,23036,0,21278,90449,952,2318,1374,0,9834,11251,160492
"Haselhurst, Rt Hon Sir Alan",CON,Saffron Walden,22957,0,10361,69779,827,3022,1040,0,9940,5042,122968
"Havard, Mr Dai",LAB,Merthyr Tydfil & Rhymney,21120,0,18209,93136,742,2010,1170,0,10497,5501,152385
"Hayes, Mr John",CON,South Holland & The Deepings,22733,0,21300,90543,1900,4131,1347,0,4628,9673,156255
"Heal, Sylvia",LAB,Halesowen & Rowley Regis,9707,0,12499,91356,1147,3275,1092,0,6368,7731,133175
"Heald, Mr Oliver",CON,Hertfordshire North East,22979,0,20979,89679,831,3187,1083,0,9257,8599,156594
"Healey, Rt Hon John",LAB,Wentworth,18674,0,24894,84204,1099,2258,1376,0,4826,16102,153433
"Heath, Mr David",LD,Somerton & Frome,23002,0,20429,84508,907,2260,1265,0,6905,7537,146813
"Heathcoat-Amory, Rt Hon David",CON,Wells,20930,0,15779,83029,1054,2780,734,0,5028,7505,136839
"Hemming, John",LD,Birmingham Yardley,21375,0,29031,82588,871,3768,1297,0,6313,4045,149288
"Henderson, Mr Doug",LAB,Newcastle upon Tyne North,23083,0,9710,89766,623,3182,639,0,7157,17700,151860
"Hendrick, Mr Mark",LAB,Preston,16226,0,19528,77544,477,360,1296,0,9469,15543,140443
"Hendry, Charles",CON,Wealden,23083,0,23703,81821,718,2327,1039,0,9721,5987,148399
"Hepburn, Mr Stephen",LAB,Jarrow,23056,0,20206,88408,321,916,1412,0,7972,14834,157125
"Heppell, Mr John",LAB,Nottingham East,23083,0,21313,81306,1249,5750,1337,0,4863,6637,145538
"Herbert, Mr Nick",CON,Arundel & South Downs,22720,0,18419,90034,648,2330,1039,0,323,5523,141036
"Hermon, Lady Sylvia",UUP,North Down,16999,0,12309,92017,362,2634,685,0,66,8932,134004
"Hesford, Stephen",LAB,Wirral West,21665,0,27038,83825,1638,5355,1129,0,9774,16442,166866
"Hewitt, Rt Hon Patricia",LAB,Leicester West,12470,0,25612,86185,1914,5084,1437,2022,9309,3504,147537
"Heyes, David",LAB,Ashton under Lyne,22861,0,19911,81934,260,283,1222,0,4218,11067,141756
"Hill, Rt Hon Keith",LAB,Streatham,0,2812,7735,93501,1185,3918,1193,0,9671,1136,121151
"Hillier, Meg",LAB,Hackney South & Shoreditch,0,2812,5725,90514,1661,5320,882,0,18645,928,126487
"Hoban, Mr Mark",CON,Fareham,21280,0,15979,85250,1010,3799,1139,0,8786,7393,144636
"Hodge, Rt Hon Margaret",LAB,Barking,0,2812,24767,85976,1869,4430,1199,0,11018,1184,133255
"Hodgson, Mrs Sharon",LAB,Gateshead East & Washington West,22942,0,17663,94456,893,1349,1153,2968,3794,18820,164038
"Hoey, Kate",LAB,Vauxhall,0,2812,4261,81010,1031,3637,1188,0,4552,2186,100677
"Hogg, Rt Hon Douglas",CON,Sleaford & North Hykeham,23083,0,20981,68822,1149,3841,1183,0,0,8843,127902
"Hollobone, Mr Philip",CON,Kettering,22999,0,7623,400,71,435,1029,0,7876,7304,47737
"Holloway, Mr Adam",CON,Gravesham,22587,0,13598,85166,957,2553,1009,0,21063,2602,149535
"Holmes, Paul",LD,Chesterfield,19811,0,21304,88248,1375,1630,1206,0,6349,8619,148542
"Hood, Mr Jim",LAB,Lanark and Hamilton East,19353,0,26267,78805,1011,1635,1061,0,9144,18984,156260
"Hoon, Rt Hon Geoff",LAB,Ashfield,23083,0,18263,65379,318,1414,1240,0,18651,9057,137405
"Hope, Phil",LAB,Corby,21361,0,20793,90656,1988,4914,1345,0,10116,6473,157646
"Hopkins, Kelvin",LAB,Luton North,1242,0,21298,88520,674,1821,1277,0,1183,5794,121809
"Horam, Mr John",CON,Orpington,11452,0,26440,69225,406,1199,656,0,10687,1910,121975
"Horwood, Mr Martin",LD,Cheltenham,21449,0,19753,92048,564,1439,1008,0,9837,6794,152892
"Hosie, Stewart",SNP,Dundee East,19367,0,18876,77501,1085,785,1128,0,10097,17819,146658
"Howard, Rt Hon Michael",CON,Folkestone & Hythe,18200,0,10883,78064,564,1874,1272,0,1348,2785,114990
"Howarth, David",LD,Cambridge,0,0,25970,89046,708,2180,1037,5043,3848,4637,132469
"Howarth, Mr Gerald",CON,Aldershot,23083,0,15994,88011,286,864,1141,0,15667,4971,150017
"Howarth, Rt Hon George",LAB,Knowsley North & Sefton East,13896,0,15094,92979,679,1688,1459,0,8634,15380,149809
"Howells, Dr Kim",LAB,Pontypridd,16013,0,5407,89853,304,1016,1212,0,5855,13531,133191
"Hoyle, Mr Lindsay",LAB,Chorley,20502,0,20782,81864,470,1290,1179,5133,2563,14902,148685
"Hughes, Rt Hon Beverley",LAB,Stretford & Urmston,23083,0,21546,90229,1745,4600,1345,0,8169,13338,164055
"Hughes, Simon",LD,Southwark North & Bermondsey,0,2812,17500,94343,1908,4207,1136,0,8325,934,131165
"Huhne, Chris",LD,Eastleigh,3970,0,20641,90637,971,1570,1103,0,9957,10336,139185
"Humble, Mrs Joan",LAB,Blackpool North & Fleetwood,23083,0,19205,89148,510,1246,1090,0,9510,15911,159703
"Hunt, Mr Jeremy",CON,Surrey South West,11610,0,14191,83445,204,407,1337,0,10668,6329,128191
"Hunter, Mark",LD,Cheadle,19789,0,18445,90316,1410,3422,1048,0,7396,7255,149081
"Hurd, Mr Nick",CON,Ruislip Northwood,0,2812,20025,80990,216,690,981,0,13323,2444,121481
"Hutton, Rt Hon John",LAB,Barrow & Furness,22980,0,18736,87082,876,1837,1207,0,734,12496,145948
"Iddon, Dr Brian",LAB,Bolton South East,17398,0,19181,78817,240,502,1218,0,0,6331,123687
"Illsley, Mr Eric",LAB,Barnsley Central,22869,0,14714,90662,227,340,956,0,5223,13707,148698
"Ingram, Rt Hon Adam",LAB,"East Kilbride, Strathaven and Lesmahagow  ",23083,0,15822,53017,644,1256,1193,0,536,25948,121499
"Irranca-Davies, Huw",LAB,Ogmore,19434,0,21637,91779,1260,4500,1335,0,4616,6147,150708
"Jack, Rt Hon Michael",CON,Fylde,22000,0,10873,82621,751,4858,1181,0,192,11840,134316
"Jackson, Glenda",LAB,Hampstead & Highgate,0,2812,12054,99554,970,2590,1052,12740,5021,0,136793
"Jackson, Mr Stewart",CON,Peterborough,23083,0,22621,68081,668,2485,1071,0,10820,8517,137346
"James, Mrs Sian C.",LAB,Swansea East,21070,0,18431,90619,818,1490,1290,0,4966,9467,148151
"Jenkin, Mr Bernard",CON,Essex North,23083,0,21066,88724,398,1160,1156,0,2222,4456,142265
"Jenkins, Mr Brian",LAB,Tamworth,8872,0,20593,82722,1262,4484,1417,0,6085,6119,131554
"Johnson, Mr Boris",CON,Henley,23083,0,14319,94240,513,1057,1222,0,5514,1339,141287
"Johnson, Ms Diana R.",LAB,Hull North,21640,0,20063,88052,1253,5478,987,8310,9872,10854,166509
"Johnson, Rt Hon Alan",LAB,Hull West & Hessle,11274,0,16346,84210,1299,4055,1139,0,4629,8759,131711
"Jones, Helen",LAB,Warrington North,23014,0,25756,85244,2196,4778,1353,0,9797,12964,165102
"Jones, Lynne",LAB,Birmingham Selly Oak,13528,0,11538,100254,1054,1609,1354,2967,2138,5540,139982
"Jones, Mr David",CON,Clwyd West,22632,0,18588,81955,497,2011,984,0,9806,11673,148146
"Jones, Mr Kevan",LAB,Durham North,23083,0,18785,90189,536,3300,1348,0,7600,15524,160365
"Jones, Mr Martyn",LAB,Clwyd South,23083,0,21712,67956,615,1973,1346,0,8817,8227,133729
"Jowell, Rt Hon Tessa",LAB,Dulwich & West Norwood,0,2812,10518,102028,1168,2262,1158,0,5405,1054,126405
"Joyce, Eric",LAB,Falkirk,22466,0,21392,87907,1003,3753,1545,0,8631,40637,187334
"Kaufman, Rt Hon Sir Gerald",LAB,Manchester Gorton,13558,0,10046,80531,849,2485,522,0,2065,15593,125649
"Kawczynski, Daniel",CON,Shrewsbury & Atcham,21890,0,20722,88093,255,780,992,0,13444,10561,156737
"Keeble, Ms Sally",LAB,Northampton North,18646,0,15536,85357,1303,2305,1129,0,16466,5970,146712
"Keeley, Ms Barbara",LAB,Worsley,23077,0,28884,70686,652,2092,1012,0,7401,17456,151260
"Keen, Alan",LAB,Feltham & Heston,19855,0,13449,97101,1543,3549,1125,0,9786,1568,147976
"Keen, Ann",LAB,Brentford & Isleworth,18338,0,7290,104508,1212,5497,1319,19142,10000,0,167306
"Keetch, Mr Paul",LD,Hereford,23083,0,27344,84273,675,1918,1353,0,5594,14915,159155
"Kelly, Rt Hon Ruth",LAB,Bolton West,13326,0,11951,80132,591,779,1061,0,59,7945,115844
"Kemp, Mr Fraser",LAB,Houghton & Washington East,23075,0,20508,77174,559,2611,959,0,788,9764,135438
"Kennedy, Rt Hon Charles",LD,"Ross, Skye & Lochaber",21287,0,20219,86023,594,1497,1176,0,9542,33894,174232
"Kennedy, Rt Hon Jane",LAB,Liverpool Wavertree,23083,0,20253,92947,537,765,1371,1563,405,11053,151977
"Key, Robert",CON,Salisbury,17611,0,16674,74139,445,1249,1108,0,5094,5317,121637
"Khan, Mr Sadiq",LAB,Tooting,0,2812,24666,86316,1918,5010,1166,0,10733,1590,134211
"Kidney, Mr David",LAB,Stafford,19680,0,21442,89082,1796,3774,1220,0,7481,6247,150722
"Kilfoyle, Mr Peter",LAB,Liverpool Walton,23083,0,14096,97565,431,850,1347,0,4030,14454,155856
"Kirkbride, Miss Julie",CON,Bromsgrove,23083,0,21274,81598,1360,4375,1187,0,4749,9539,147165
"Knight, Rt Hon Greg",CON,Yorkshire East,18305,0,11486,89029,861,4530,1247,0,1542,11158,138158
"Knight, Rt Hon Jim",LAB,Dorset South,23083,0,15947,94135,2281,4033,1154,0,9746,5608,155987
"Kramer, Susan",LD,Richmond Park,0,2812,22733,85193,1579,4878,1065,0,8779,0,127039
"Kumar, Dr Ashok",LAB,Middlesbrough South & Cleveland East,23083,0,12034,90972,769,2666,1109,0,10424,15328,156385
"Ladyman, Dr Stephen",LAB,Thanet South,22793,0,20444,72207,1279,2469,1417,0,10707,6243,137559
"Laing, Mrs Eleanor",CON,Epping Forest,23082,0,21032,83456,280,1184,1199,0,3572,778,134583
"Lait, Mrs Jacqui",CON,Beckenham,15478,0,18226,82505,764,3853,1208,0,6858,7024,135916
"Lamb, Norman",LD,Norfolk North,23083,0,22951,92443,1822,4527,1111,0,10000,7809,163746
"Lammy, Rt Hon David",LAB,Tottenham,0,2812,18828,93013,1427,4475,1310,0,9874,1485,133224
"Lancaster, Mr Mark",CON,Milton Keynes North East,22541,0,19848,88283,1149,3471,1223,0,9767,5337,151619
"Lansley, Mr Andrew",CON,Cambridgeshire South,21399,0,18067,93046,1180,3913,1178,305,9944,7379,156411
"Laws, Mr David",LD,Yeovil,19251,0,21425,90287,987,5186,1332,0,9907,8136,156511
"Laxton, Mr Bob",LAB,Derby North,19042,0,17846,87111,778,1878,1346,0,4319,5731,138051
"Lazarowicz, Mark",LAB,Edinburgh North and Leith,21774,0,21587,85364,2084,4789,1196,5289,11049,12039,165171
"Leech, Mr John",LD,Manchester Withington,12993,0,17380,94425,970,3820,1008,0,9772,8066,148434
"Leigh, Mr Edward",CON,Gainsborough,22840,0,16314,95530,224,501,1447,0,6270,10987,154113
"Lepper, David",LAB,Brighton Pavilion,11175,0,19265,90376,1185,5813,908,0,5118,1693,135533
"Letwin, Rt Hon Oliver",CON,Dorset West,20558,0,15517,91544,820,2442,1180,1684,11970,7044,152759
"Levitt, Tom",LAB,High Peak,22450,0,15304,86154,2025,4594,930,1561,17315,14287,164620
"Lewis, Dr Julian",CON,New Forest East,21604,0,16981,83049,590,1290,1345,0,331,5951,131141
"Lewis, Mr Ivan",LAB,Bury South,23083,0,21889,88986,2204,4519,1512,323,10730,12424,165670
"Liddell-Grainger, Mr Ian",CON,Bridgwater,23083,0,30256,86469,852,2134,1161,0,6538,15616,166109
"Lidington, Mr David",CON,Aylesbury,19470,0,11239,70833,627,2690,1283,0,5090,4659,115891
"Lilley, Rt Hon Peter",CON,Hitchin & Harpenden,23083,0,17520,94322,1695,5239,1396,0,3677,3055,149987
"Linton, Martin",LAB,Battersea,0,2812,20255,86957,1177,5819,1170,0,10357,2523,131070
"Lloyd, Tony",LAB,Manchester Central,19706,0,23043,88060,602,1509,1053,0,3931,16266,154170
"Llwyd, Mr Elfyn",PC,Meirionnydd Nant Conwy,14396,0,29976,77235,450,1830,1123,0,2198,17058,144266
"Lord, Sir Michael",CON,Suffolk Central & Ipswich North,23047,0,13154,73594,448,1858,1045,0,2294,6332,121772
"Loughton, Tim",CON,Worthing East & Shoreham,23083,0,17618,92413,556,1084,1148,0,1759,8314,145975
"Love, Mr Andy",LAB,Edmonton,23083,0,19418,87933,1952,5046,1413,0,7371,2541,148757
"Lucas, Ian",LAB,Wrexham,23083,0,21261,83671,705,1795,1219,0,5277,12310,149321
"Luff, Peter",CON,Worcestershire Mid,19694,0,20994,83194,1134,1790,1335,0,4784,6090,139015
"MacKinlay, Andrew",LAB,Thurrock,15761,0,17162,92054,708,2448,1344,0,2460,3537,135474
"MacNeil, Mr Angus",SNP,Na h-Eileanan an Iar,20228,0,16743,70096,70,770,1173,0,1036,38031,148147
"MacShane, Rt Hon Denis",LAB,Rotherham,23083,0,18438,81529,825,1504,1459,0,9680,16366,152884
"Mackay, Rt Hon Andrew",CON,Bracknell,22575,0,19303,75193,729,2188,1060,0,7821,7370,136239
"Maclean, Rt Hon David",CON,Penrith & The Border,22638,0,25542,77643,649,1530,1803,0,8297,17507,155609
"Mactaggart, Fiona",LAB,Slough,3392,0,11992,99820,1132,4728,1194,0,10031,2651,134940
"Mahmood, Mr Khalid",LAB,Birmingham Perry Barr,17900,0,15742,101894,204,895,1581,0,8936,17462,164614
"Main, Anne",CON,St Albans,22091,0,13246,87133,740,3318,1298,0,14204,4739,146769
"Malik, Mr Shahid",LAB,Dewsbury,23083,0,28358,78083,1167,4832,1259,0,10071,10402,157255
"Malins, Sir Humfrey",CON,Woking,10459,0,16009,75729,607,1853,743,0,7768,6324,119492
"Mallaber, Judy",LAB,Amber Valley,6854,0,10388,101456,1008,4380,1536,1600,10000,5856,143078
"Mann, John",LAB,Bassetlaw,13114,0,20655,89935,1767,5205,1439,0,9925,10893,152933
"Maples, Mr John",CON,,23000,0,18662,75306,634,2822,1155,0,5279,4397,131255
"Marris, Rob",LAB,Wolverhampton South West,11973,0,16056,89696,1311,1490,844,0,7596,3547,132513
"Marsden, Mr Gordon",LAB,Blackpool South,9739,0,18680,93164,667,2413,1436,1909,10000,14292,152300
"Marshall, Mr David",LAB,Glasgow East,20779,0,17032,75198,627,1170,934,0,59,15899,131698
"Marshall-Andrews, Mr Robert",LAB,Medway,19261,0,9885,79192,362,1240,1295,0,8842,1084,121161
"Martin, Rt Hon Michael J.",SPE,Glasgow North East,11750,0,5547,42669,85,550,761,0,0,13160,74522
"Martlew, Mr Eric",LAB,Carlisle,21632,0,19152,85106,677,1027,1258,0,5472,12475,146799
"Mates, Rt Hon Michael",CON,Hampshire East,23077,0,17471,83615,281,1388,1123,0,8646,5204,140805
"Maude, Rt Hon Francis",CON,Horsham,23083,0,18950,87784,554,1378,1111,0,7859,7683,148402
"May, Rt Hon Theresa",CON,Maidenhead,4288,0,6641,90983,511,1275,1962,0,10123,2364,118147
"McAvoy, Rt Hon Thomas",LAB,Rutherglen & Hamilton West,22150,0,17167,86913,191,425,841,0,8006,15283,150976
"McCabe, Stephen",LAB,Birmingham Hall Green,17109,0,23103,84464,1351,1945,1566,0,6416,10406,146360
"McCafferty, Chris",LAB,Calder Valley,19576,0,13326,98491,585,1505,1071,0,8693,9497,152744
"McCarthy, Kerry",LAB,Bristol East,21266,0,17395,94398,949,530,1322,3001,9314,4860,153035
"McCarthy-Fry, Sarah",LAB,Portsmouth North,16792,0,18240,87669,1368,3337,1005,0,9478,6609,144498
"McCartney, Rt Hon Ian",LAB,Makerfield,23083,0,17651,94193,858,3442,1109,0,604,14806,155746
"McCrea, Rev Dr William",DUP,South Antrim,20904,0,30247,86875,627,2027,1044,0,0,18128,159852
"McDonagh, Siobhain",LAB,Mitcham & Morden,0,2812,9487,92408,1378,5285,1429,0,19709,1794,134302
"McDonnell, Dr Alasdair",SDLP,South Belfast,23083,0,16967,94769,209,864,1202,0,9801,9935,156830
"McDonnell, John",LAB,Hayes & Harlington,0,2812,21150,90505,1878,4990,1281,0,8757,3807,135180
"McFadden, Rt Hon Pat",LAB,Wolverhampton South East,15269,0,19841,74725,1147,3080,1138,0,5617,7189,128006
"McFall, Rt Hon John",LAB,Dunbartonshire West,22832,0,16926,92230,628,1080,1220,0,9893,16312,161121
"McGovern, Mr Jim",LAB,Dundee West,22568,0,21015,90509,1483,4047,1223,0,10293,20851,171989
"McGrady, Mr Eddie",SDLP,South Down,9295,0,25537,86078,466,1140,1225,6757,10158,16246,156902
"McGuinness, Mr Martin",SF,Mid Ulster,21000,0,21231,89087,0,0,1127,0,0,3791,136236
"McGuire, Rt Hon Anne",LAB,Stirling,19595,0,19994,86623,1856,3640,1781,0,11490,17786,162765
"McIntosh, Miss Anne",CON,Vale of York,20382,0,12767,81071,710,1580,1163,0,2148,13295,133116
"McIsaac, Shona",LAB,Cleethorpes,15404,0,7749,91091,779,1915,1219,5190,14983,7464,145794
"McKechin, Ann",LAB,Glasgow North,13015,0,17612,83778,1278,5657,1270,0,9761,15164,147535
"McKenna, Rosemary",LAB,"Cumbernauld, Kilsyth and Kirkintilloch East   ",23058,0,22472,83781,326,485,1255,0,8615,27121,167113
"McLoughlin, Rt Hon Patrick",CON,Derbyshire West,22968,0,14620,80818,654,1020,1431,0,10262,10570,142343
"McNulty, Rt Hon Tony",LAB,Harrow East,12600,0,17892,90709,763,2243,981,0,9214,0,134402
"Meacher, Rt Hon Michael",LAB,Oldham West & Royton,8944,0,21961,89882,1076,3671,1297,0,4422,10322,141575
"Meale, Mr Alan",LAB,Mansfield,23083,0,20149,90505,493,1889,1264,0,6599,23290,167272
"Mercer, Patrick",CON,Newark,23083,0,12856,98969,280,1601,1261,0,2938,15079,156067
"Merron, Gillian",LAB,Lincoln,22641,0,13140,97565,1527,4461,1167,0,8110,7361,155972
"Michael, Rt Hon Alun",LAB,Cardiff South & Penarth,23083,0,15828,86400,591,1248,1891,0,9830,10647,149518
"Milburn, Rt Hon Alan",LAB,Darlington,23083,0,21313,90504,612,2173,1187,0,4988,18729,162589
"Miliband, Rt Hon David",LAB,South Shields,17387,0,14961,83809,423,1893,1248,0,10388,4884,134993
"Miliband, Rt Hon Edward",LAB,Doncaster North,7670,0,19344,90048,473,870,1290,0,4033,5754,129482
"Miller, Andrew",LAB,Ellesmere Port & Neston,17817,0,16407,84011,934,2993,1340,0,6095,17205,146802
"Miller, Mrs Maria",CON,Basingstoke,23000,0,19551,90601,916,2740,1228,0,6446,8406,152888
"Milton, Anne",CON,Guildford,0,0,11734,91316,872,2813,1065,0,10103,3749,121652
"Mitchell, Mr Andrew",CON,Sutton Coldfield,22831,0,20768,90012,1478,3107,1255,0,11022,7192,157665
"Mitchell, Mr Austin",LAB,Great Grimsby,23073,0,15452,90218,890,2722,1261,0,5562,16778,155956
"Moffat, Anne",LAB,East Lothian,23083,0,23533,88292,74,690,1194,0,9942,21447,168255
"Moffatt, Laura",LAB,Crawley,18387,0,20702,84751,1547,5206,1327,0,6000,4671,142591
"Mole, Chris",LAB,Ipswich,17973,0,15953,86202,1335,5255,1163,0,5079,4343,137303
"Moon, Mrs Madeleine",LAB,Bridgend,22902,0,18994,93206,910,2182,1023,0,10287,12225,161729
"Moore, Mr Michael",LD,"Berwickshire, Roxburgh and Selkirk",21563,0,18403,89873,734,3324,964,0,10007,18230,163098
"Moran, Margaret",LAB,Luton South,22343,0,17665,94101,1671,3492,1477,0,9548,10170,160467
"Morden, Jessica",LAB,Newport East,20703,0,27270,89512,1593,4708,1117,0,10191,11966,167060
"Morgan, Julie",LAB,Cardiff North,9754,0,17336,94508,901,3043,1319,0,9582,10058,146501
"Morley, Rt Hon Elliot",LAB,Scunthorpe,19140,0,18302,87457,465,1345,1216,0,6013,11435,145373
"Moss, Mr Malcolm",CON,Cambridgeshire North East,23059,0,20881,89351,876,1790,1134,0,5514,6365,148970
"Mountford, Kali",LAB,Colne Valley,23083,0,23791,85535,897,300,1261,0,5766,19382,160015
"Mudie, Mr George",LAB,Leeds East,9635,0,19648,92025,1171,3627,1238,0,9182,13613,150139
"Mulholland, Greg",LD,Leeds North West,23083,0,24371,84532,1642,3180,1174,0,10010,9366,157358
"Mullin, Mr Chris",LAB,Sunderland South,12942,0,18110,87528,430,1149,1050,1169,1519,5684,129581
"Mundell, David",CON,"Dumfriesshire, Clydesdale and Tweeddale  ",22177,0,28618,78977,1585,4743,1020,0,11597,20470,169187
"Munn, Meg",LAB,Sheffield Heeley,23083,0,14631,81047,1308,5565,1180,0,6311,11231,144356
"Murphy, Conor",SF,Newry and Armagh,21000,0,21293,85790,55,170,1413,0,0,2640,132361
"Murphy, Mr Denis",LAB,Wansbeck,20881,0,19336,90549,327,340,776,0,4505,16429,153143
"Murphy, Rt Hon Jim",LAB,Renfrewshire East,22801,0,18962,91886,560,1583,1435,0,11594,13721,162542
"Murphy, Rt Hon Paul",LAB,Torfaen,20536,0,17774,93617,472,827,1328,0,9433,6936,150923
"Murrison, Dr Andrew",CON,Westbury,20401,0,15755,83421,838,3463,1199,0,3387,7571,136035
"Naysmith, Dr Doug",LAB,Bristol North West,20808,0,18085,85325,461,2216,1168,0,5164,7884,141111
"Neill, Bob",CON,Bromley & Chislehurst,19108,0,17130,102055,880,2075,337,0,11209,4538,157332
"Newmark, Mr Brooks",CON,Braintree,20000,0,8618,98107,267,816,1082,0,7402,1978,138270
"Norris, Dan",LAB,Wansdyke,21078,0,18789,88243,4373,2625,1316,0,9201,9785,155410
"O'Brien, Mr Mike",LAB,Warwickshire North,8963,0,24234,87545,505,2031,1255,1269,10063,8495,144360
"O'Brien, Mr Stephen",CON,Eddisbury,23034,0,23426,88143,351,1504,1151,0,0,15418,153027
"O'Hara, Mr Edward",LAB,Knowsley South,20711,0,20914,90741,220,1151,1127,0,1014,11146,147024
"Oaten, Mr Mark",LD,Winchester,22993,0,24738,85778,772,1607,1332,0,9606,9085,155911
"Olner, Mr Bill",LAB,Nuneaton,23083,0,14075,84077,452,2037,1168,0,935,12183,138010
"Opik, Lembit",LD,Montgomeryshire,23083,0,26955,84471,691,1718,1346,7111,9523,9508,164406
"Osborne, Mr George",CON,Tatton,22994,0,18729,78767,639,3517,1307,0,9965,15097,151015
"Osborne, Sandra",LAB,"Ayr, Carrick & Cumnock",18816,0,18814,60432,367,1640,1229,918,8174,18311,128701
"Ottaway, Richard",CON,Croydon South,21481,0,15484,87151,767,1785,1257,0,14533,2915,145373
"Owen, Albert",LAB,Ynys Mn,22519,0,17215,76318,626,1380,1213,0,4102,18765,142138
"Paice, Mr James",CON,Cambridgeshire South East,23083,0,14574,89199,437,1922,1116,0,13144,8044,151519
"Paisley, Rt Hon Dr Ian",DUP,North Antrim,18136,0,26084,85760,305,1612,0,0,0,7668,139565
"Palmer, Dr Nick",LAB,Broxtowe,23057,0,19125,92719,450,1606,1295,189,9995,8893,157329
"Paterson, Mr Owen",CON,Shropshire North,22637,0,17776,87891,778,3169,1219,0,13287,17540,164297
"Pearson, Ian",LAB,Dudley South,23005,0,25243,86225,1637,4577,1446,0,8348,7244,157725
"Pelling, Mr Andrew",IND CON,Croydon Central,0,2812,10244,79226,787,1755,1140,0,10887,22,106873
"Penning, Mike",CON,Hemel Hempstead,23083,0,21572,83479,1525,4557,1199,0,8412,5660,149487
"Penrose, John",CON,,21211,0,23624,79996,866,2682,1234,0,9240,4847,143700
"Pickles, Mr Eric",CON,Brentwood & Ongar,13689,0,16579,88892,496,581,1146,0,9944,4502,135829
"Plaskitt, Mr James",LAB,Warwick & Leamington,22884,0,20571,90096,1953,5042,1349,0,9841,4816,156552
"Pope, Mr Greg",LAB,Hyndburn,22211,0,24662,86275,353,1282,1350,0,6666,18889,161688
"Pound, Stephen",LAB,Ealing North,0,2812,10565,101057,1157,2685,1108,1599,9854,7113,137950
"Prentice, Bridget",LAB,Lewisham East,0,2812,30198,80832,1087,5364,1298,0,8974,787,131352
"Prentice, Mr Gordon",LAB,Pendle,20313,0,15480,85966,953,3381,850,0,2349,7555,136847
"Prescott, Rt Hon John",LAB,Hull East,23083,0,10920,88563,674,1712,1251,0,0,15441,141644
"Price, Adam",PC,Carmarthen East & Dinefwr,22788,0,19065,90773,283,510,1440,0,4011,10794,149664
"Primarolo, Rt Hon Dawn",LAB,Bristol South,23083,0,18050,90500,581,1511,1192,0,9730,5969,150616
"Prisk, Mr Mark",CON,Hertford & Stortford,20733,0,18120,92176,433,1645,1156,103,7654,5175,147195
"Pritchard, Mark",CON,The Wrekin,23083,0,21708,76797,1220,4341,1103,0,18499,15076,161827
"Prosser, Gwyn",LAB,Dover,14611,0,20035,85218,778,1931,1308,0,5575,4627,134083
"Pugh, Dr John",LD,Southport,23083,0,18088,77412,654,1431,1142,0,6809,4736,133355
"Purchase, Mr Ken",LAB,Wolverhampton North East,14713,0,20752,90446,332,1030,1294,0,8074,7609,144250
"Purnell, Rt Hon James",LAB,Stalybridge & Hyde,21209,0,17959,76465,499,1249,1180,0,4634,6369,129564
"Rammell, Bill",LAB,Harlow,12928,0,21410,90333,1785,5102,1338,0,9970,1474,144340
"Randall, Mr John",CON,Uxbridge,0,2812,16659,70884,625,3551,1126,0,0,3246,98903
"Raynsford, Rt Hon Nick",LAB,Greenwich & Woolwich,0,2812,12668,91034,348,1367,1358,0,7975,0,117562
"Redwood, Rt Hon John",CON,Wokingham,22729,0,10427,55616,457,1841,1250,0,9686,3911,105917
"Reed, Mr Andy",LAB,Loughborough,22568,0,20933,89907,303,720,1176,0,8743,7254,151604
"Reed, Mr Jamie",LAB,Copeland,22516,0,23508,91022,690,2210,1051,0,9354,19236,169587
"Reid, Mr Alan",LD,Argyll and Bute,15489,0,17536,68598,591,990,1363,0,13690,15670,133927
"Reid, Rt Hon John",LAB,Airdrie and Shotts,23083,0,29979,85497,358,1261,1488,0,4259,14284,160209
"Rennie, Willie",LD,Dunfermline & West Fife,21220,0,26629,82164,952,2870,1169,0,12897,15301,163202
"Rifkind, Rt Hon Sir Malcolm",CON,Kensington & Chelsea,0,2812,12509,91048,479,2641,913,0,4188,5095,119685
"Riordan, Mrs Linda",LAB,Halifax,23083,0,17940,88823,1182,2921,1264,0,3336,16019,154568
"Robathan, Mr Andrew",CON,Blaby,23083,0,11934,64599,233,1237,1278,0,0,7230,109594
"Robertson, Angus",SNP,Moray,23082,0,21696,81953,511,430,1372,0,9215,27620,165879
"Robertson, Hugh",CON,Faversham & Kent Mid,23083,0,16605,75733,291,510,1184,0,0,6414,123820
"Robertson, John",LAB,Glasgow North West,20809,0,19715,82942,605,1519,1272,0,6805,18875,152542
"Robertson, Mr Laurence",CON,Tewkesbury,23083,0,30374,81454,487,1696,1229,0,10015,14411,162749
"Robinson, Mr Geoffrey",LAB,Coventry North West,0,0,9576,87806,814,2295,885,0,4153,21534,127063
"Robinson, Mrs Iris",DUP,Strangford,20478,0,8079,78175,879,3192,1382,0,1315,11973,125473
"Robinson, Rt Hon Peter",DUP,East Belfast,19864,0,15301,72870,288,1355,1349,0,3136,14011,128174
"Rogerson, Dan",LD,Cornwall North,22931,0,13432,87905,754,2055,966,305,9780,12681,150809
"Rooney, Mr Terry",LAB,Bradford North,13980,0,20791,81933,1161,2685,1265,0,1273,14890,137978
"Rosindell, Andrew",CON,Romford,23083,0,20188,90885,1567,5315,1332,0,9914,4548,156832
"Rowen, Paul",LD,Rochdale,23083,0,22994,88468,1328,4591,1128,0,10324,12223,164139
"Roy, Mr Frank",LAB,Motherwell & Wishaw,21365,0,19052,89612,693,1208,1165,0,7580,17962,158637
"Ruane, Chris",LAB,Vale of Clwyd,23076,0,17548,94240,1030,5441,1345,0,10000,7255,159935
"Ruddock, Joan",LAB,Lewisham Deptford,0,2812,22852,88964,1179,4938,1127,0,8894,471,131237
"Ruffley, Mr David",CON,Bury St Edmunds,13760,0,22152,94781,1031,2046,1418,0,9019,7734,151941
"Russell, Bob",LD,Colchester,10963,0,20737,91105,1030,3032,1350,0,10000,6156,144373
"Russell, Christine",LAB,City of Chester,21359,0,25396,86447,1179,3038,1219,0,7567,10544,156749
"Ryan, Rt Hon Joan",LAB,Enfield North,21658,0,18719,91993,1612,5263,1048,0,10940,721,151954
"Salmond, Rt Hon Alex",SNP,Banff and Buchan,14130,0,19808,89809,1071,4768,1255,0,2222,6170,139233
"Salter, Martin",LAB,Reading West,0,0,20805,88865,1239,3041,1113,0,9302,7898,132263
"Sanders, Mr Adrian",LD,Torbay,19924,0,23656,88170,1210,4728,1323,2510,9072,13470,164063
"Sarwar, Mr Mohammad",LAB,Glasgow Central,22745,0,21104,90504,1087,2840,1481,0,10000,25121,174882
"Scott, Mr Lee",CON,Ilford North,0,2812,14585,89273,595,2391,926,0,5652,3845,120079
"Seabeck, Alison",LAB,Plymouth Devonport,20037,0,21169,89712,642,1224,1071,0,5760,11781,151396
"Selous, Andrew",CON,Bedfordshire South West,23074,0,7372,89000,1148,5731,1237,0,5828,5238,138628
"Shapps, Grant",CON,Welwyn Hatfield,7269,0,23118,80756,686,3019,1072,0,4444,6788,127152
"Sharma, Virendra",LAB,Ealing Southall,0,1958,15988,62003,802,2395,1128,0,6157,2621,93052
"Shaw, Jonathan",LAB,Chatham & Aylesford,21254,0,14827,92201,1516,2796,1484,0,14755,2590,151423
"Sheerman, Mr Barry",LAB,Huddersfield,23083,0,19583,92261,579,2429,1256,0,8025,13137,160353
"Shepherd, Mr Richard",CON,,15402,0,10569,73053,284,430,685,0,7328,5907,113658
"Sheridan, Jim",LAB,Paisley & Renfrewshire North,23083,0,22525,84209,116,630,1109,0,2966,18351,152989
"Short, Rt Hon Clare",IND LAB,Birmingham Ladywood,14420,0,4108,105802,670,2231,1222,0,0,10757,139210
"Simmonds, Mark",CON,Boston & Skegness,23083,0,22862,88744,262,1109,1360,0,7158,9295,153873
"Simon, Mr Sin",LAB,Birmingham Erdington,22975,0,26006,82136,2035,4908,1155,0,7593,12184,158992
"Simpson, Alan",LAB,Nottingham South,23083,0,21310,90505,1509,4030,1142,0,3058,11649,156286
"Simpson, David",DUP,Upper Bann,21770,0,21091,83001,482,1433,1101,0,2676,27349,158903
"Simpson, Mr Keith",CON,Norfolk Mid,22076,0,20123,81686,527,1817,1499,5779,19426,7154,160087
"Singh, Mr Marsha",LAB,Bradford West,22964,0,26026,69619,712,2018,1226,0,7776,13012,143353
"Skinner, Mr Dennis",LAB,Bolsover,11323,0,1039,45522,306,1105,1226,0,0,6412,66933
"Slaughter, Mr Andrew",LAB,Ealing Acton & Shepherd's Bush,0,5524,26347,84020,985,6001,970,0,9899,3407,137153
"Smith, Angela E.",LAB,Basildon,14618,0,18516,88849,1653,4152,1267,0,9605,2471,141131
"Smith, Geraldine",LAB,Morecambe & Lunesdale,23035,0,22889,85554,410,1077,1100,0,14399,17633,166097
"Smith, John",LAB,Vale of Glamorgan,23083,0,18453,77861,731,3277,983,0,14967,9159,148514
"Smith, Ms Angela C.",LAB,Sheffield Hillsborough,22843,0,14575,86090,1319,3630,1138,0,9741,10904,150240
"Smith, Rt Hon Andrew",LAB,Oxford East,13306,0,24257,86349,1811,5188,1482,5724,10869,3403,152389
"Smith, Rt Hon Jacqui",LAB,Redditch,22948,0,16688,92587,2241,1765,535,0,8567,12300,157631
"Smith, Sir Robert",LD,Aberdeenshire West and Kincardine  ,19039,0,19137,86309,465,1108,1486,0,11557,21215,160316
"Snelgrove, Anne",LAB,Swindon South,20913,0,21605,89656,2917,3277,1078,0,8923,8860,157229
"Soames, Hon Nicholas",CON,Sussex Mid,21869,0,19322,89677,527,1846,1376,0,11815,1992,148424
"Soulsby, Sir Peter",LAB,Leicester South,23051,0,20948,89985,1189,3830,987,0,7853,9108,156951
"Southworth, Helen",LAB,Warrington South,17643,0,17630,85361,483,1787,293,0,5279,10223,138699
"Spellar, Rt Hon John",LAB,Warley,11779,0,9799,85941,342,975,1029,0,9102,5359,124326
"Spelman, Mrs Caroline",CON,Meriden,10760,0,12642,55488,227,595,1749,13897,7057,18417,120832
"Spicer, Sir Michael",CON,Worcestershire West,21162,0,11701,46714,560,1545,1107,0,21587,4832,109208
"Spink, Bob",UKIP,Castle Point,23083,0,13356,82472,1005,4845,1148,0,9107,5971,140987
"Spring, Mr Richard",CON,Suffolk West,23083,0,16805,77375,1016,2801,1427,0,11013,5504,139024
"Stanley, Rt Hon Sir John",CON,Tonbridge & Malling,22252,0,5930,65613,1193,1831,1387,0,0,1590,99796
"Starkey, Dr Phyllis",LAB,Milton Keynes South West,17969,0,21343,90500,1871,4164,1419,858,9995,6648,154767
"Steen, Mr Anthony",CON,Totnes,23083,0,14371,91679,897,2449,1413,4664,11231,11170,160957
"Stewart, Ian",LAB,Eccles,21600,0,18327,92263,810,1331,1346,13867,130,14916,164590
"Stoate, Dr Howard",LAB,Dartford,17883,0,17221,93371,1556,5273,1176,0,11252,3928,151660
"Strang, Rt Hon Gavin",LAB,Edinburgh East,11081,0,15421,93265,400,1136,1365,0,9651,25252,157571
"Straw, Rt Hon Jack",LAB,Blackburn,8039,0,29201,73059,2030,3275,1321,0,3796,5646,126367
"Streeter, Mr Gary",CON,Devon South West,22096,0,18412,92786,422,1495,1288,0,4185,12960,153644
"Stringer, Graham",LAB,Manchester Blackley,20042,0,17123,70369,910,1356,1635,0,1286,13539,126260
"Stuart, Mr Graham",CON,Beverley & Holderness,22410,0,23206,87418,1169,3023,1104,0,4679,7277,150286
"Stuart, Ms Gisela",LAB,Birmingham Edgbaston,18245,0,25779,85716,1192,3418,1335,0,9596,8819,154100
"Stunell, Andrew",LD,Hazel Grove,15383,0,12464,90732,539,1895,1283,0,13861,5049,141206
"Sutcliffe, Mr Gerry",LAB,Bradford South,11640,0,19854,89101,419,615,1415,0,5003,17976,146023
"Swayne, Mr Desmond",CON,New Forest West,15957,0,7322,64144,412,1607,1259,0,173,3879,94753
"Swinson, Jo",LD,Dunbartonshire East,23083,0,18618,90410,693,2937,1202,0,5557,14741,157241
"Swire, Mr Hugo",CON,Devon East,22802,0,23572,88271,517,1312,1076,0,2684,11382,151616
"Syms, Mr Robert",CON,Poole,23083,0,18630,81739,0,0,922,0,8759,5784,138917
"Tami, Mark",LAB,Alyn & Deeside,23079,0,20656,80206,658,2724,1401,0,5736,10289,144749
"Tapsell, Sir Peter",CON,Louth & Horncastle,23083,0,10100,100790,407,2584,1105,0,2285,6327,146681
"Taylor, David",LAB,Leicestershire North West,17553,0,20512,89002,784,3209,1149,0,9782,12286,154277
"Taylor, Dr Richard",IND,Wyre Forest,19698,0,6065,53424,189,990,804,0,0,5314,86484
"Taylor, Matthew",LD,Truro & St Austell,23083,0,21297,87392,919,3346,1156,1869,9223,13755,162040
"Taylor, Mr Ian",CON,Esher & Walton,23083,0,7972,103859,635,1927,1156,0,9994,4337,152963
"Taylor, Ms Dari",LAB,Stockton South,21170,0,16995,74166,3028,3175,1142,10094,6148,21188,157106
"Teather, Sarah",LD,Brent East,0,2812,26118,83630,933,2217,1158,0,8013,1545,126426
"Thomas, Mr Gareth",LAB,Harrow West,11748,0,18396,90737,752,2640,1298,0,9992,668,136231
"Thornberry, Ms Emily",LAB,Islington South & Finsbury,0,2812,21351,83106,2037,4626,1071,0,17387,0,132390
"Thurso, John",LD,"Caithness, Sutherland and Easter Ross",21448,0,5093,74874,553,2336,1287,0,5598,33134,144323
"Timms, Rt Hon Stephen",LAB,East Ham,0,2812,5315,99526,744,2485,1250,2140,4953,0,119225
"Tipping, Paddy",LAB,Sherwood,14227,0,21339,84457,984,6010,1929,0,10602,11835,151383
"Todd, Mr Mark",LAB,Derbyshire South,19023,0,13112,93906,1093,2809,1194,0,9086,10041,150264
"Touhig, Rt Hon Don",LAB,Islwyn,23080,0,15989,94203,732,1675,1339,0,11552,8929,157499
"Tredinnick, David",CON,Bosworth,23083,0,17363,94398,288,491,1143,0,0,6273,143039
"Trickett, Jon",LAB,Hemsworth,6141,0,22531,83900,1508,4078,1346,0,5904,12951,138359
"Truswell, Mr Paul",LAB,Pudsey,15861,0,15187,90299,1733,5165,1387,0,5174,10967,145773
"Turner, Dr Desmond",LAB,Brighton Kemptown,12321,0,20590,88154,1494,4080,1484,0,10234,5807,144164
"Turner, Mr Andrew",CON,Isle of Wight,19953,0,14564,82453,1110,2523,1413,0,6779,8846,137641
"Turner, Mr Neil",LAB,Wigan,22979,0,16977,93551,1427,4360,1200,0,7612,13112,161218
"Twigg, Derek",LAB,Halton,16800,0,12328,64546,452,1675,1258,8130,4380,11855,121424
"Tyrie, Mr Andrew",CON,Chichester,23083,0,9234,93926,1268,3398,1396,0,0,4527,136832
"Ussher, Kitty",LAB,Burnley,22767,0,22007,84202,1193,3119,1171,0,9620,11309,155388
"Vaizey, Mr Edward",CON,Wantage,23083,0,16969,82436,465,1577,974,4032,7594,6958,144088
"Vara, Mr Shailesh",CON,Cambridgeshire North West,22839,0,10075,90711,1133,1235,917,0,1099,6576,134585
"Vaz, Rt Hon Keith",LAB,Leicester East,20787,0,26308,82637,1612,4484,1329,0,9427,14774,161358
"Viggers, Sir Peter",CON,Gosport,23083,0,20703,71754,278,977,1213,0,14657,9101,141766
"Villiers, Mrs Theresa",CON,Chipping Barnet,18181,0,21096,84892,1904,4965,1385,0,7558,2715,142696
"Vis, Dr Rudi",LAB,Finchley & Golders Green,23083,0,21328,88910,2104,4630,1378,0,9390,5905,156728
"Walker, Mr Charles",CON,Broxbourne,10358,0,8970,90670,903,2404,1146,0,5985,2697,123133
"Wallace, Mr Ben",CON,Lancaster & Wyre,23083,0,20607,90825,619,2265,939,9512,9749,17924,175523
"Walley, Joan",LAB,Stoke-on-Trent North,12017,0,17926,88699,862,3814,1203,0,9689,12509,146719
"Walter, Mr Robert",CON,Dorset North,22496,0,9529,79830,656,2940,1463,0,6009,10247,133170
"Waltho, Lynda",LAB,Stourbridge,16625,0,19616,83925,1514,5466,1037,0,8226,8206,144615
"Ward, Claire",LAB,Watford,23083,0,15796,94755,663,1130,1335,0,7987,2451,147200
"Wareing, Mr Robert N.",IND,Liverpool West Derby,19683,0,29250,79096,239,1247,924,8516,9666,15154,163775
"Waterson, Mr Nigel",CON,Eastbourne,23083,0,18431,90985,814,2299,1371,0,11227,7022,155232
"Watkinson, Angela",CON,Upminster,21234,0,10238,83910,874,3076,1172,0,5579,2122,128205
"Watson, Mr Tom",LAB,West Bromwich East,16069,0,19927,82801,1709,5280,1257,0,8309,7896,143248
"Watts, Mr Dave",LAB,St Helens North,11632,0,26763,59222,567,1497,1125,0,8408,14622,123836
"Webb, Prof Steve",LD,Northavon,22913,0,18461,93370,996,3365,1308,0,9984,8399,158796
"Weir, Mr Mike",SNP,Angus,21561,0,18534,75334,268,595,1458,0,8675,17100,143525
"Whitehead, Dr Alan",LAB,Southampton Test,14190,0,18207,90627,1768,3186,1399,0,10509,4803,144689
"Whittingdale, Mr John",CON,Maldon & Chelmsford East,23083,0,9255,70071,482,1590,1251,0,5541,7843,119116
"Wicks, Rt Hon Malcolm",LAB,Croydon North,0,2812,21003,90747,1600,4023,1304,0,9916,196,131601
"Widdecombe, Rt Hon Ann",CON,Maidstone & The Weald,858,0,20957,87456,465,903,1000,2430,0,1659,115728
"Wiggin, Bill",CON,Leominster,23083,0,11667,100009,858,2300,1360,0,8749,7538,155564
"Willetts, Mr David",CON,Havant,22899,0,20601,91234,639,3478,1054,0,5114,8054,153073
"Williams, Hywel",PC,Caernarfon,23078,0,20875,93136,852,1460,1018,0,6007,19339,165765
"Williams, Mark",LD,Ceredigion,19787,0,13220,87293,588,1442,1290,0,9625,12238,145483
"Williams, Mr Roger",LD,Brecon & Radnorshire,20486,0,13894,82167,664,2464,1123,0,9620,11207,141625
"Williams, Mrs Betty",LAB,Conwy,13989,0,9919,98588,613,5938,1296,0,473,15271,146087
"Williams, Rt Hon Alan",LAB,Swansea West,5221,0,10913,59313,368,303,256,0,441,3711,80526
"Williams, Stephen",LD,Bristol West,20721,0,19280,89769,460,805,1159,0,7199,6192,145585
"Willis, Mr Phil",LD,Harrogate & Knaresborough,22905,0,22322,87024,1792,5200,1127,0,6638,20553,167561
"Willott, Jenny",LD,Cardiff Central,23083,0,19903,88328,521,1405,1269,0,9267,5818,149594
"Wills, Rt Hon Michael",LAB,Swindon North,20766,0,10216,100554,1732,5254,1328,2429,9406,1453,153138
"Wilshire, Mr David",CON,Spelthorne,23083,0,25039,86476,1985,4999,1341,0,10327,7292,160542
"Wilson, Mr Rob",CON,Reading East,0,0,16580,89718,745,2952,1452,0,10186,10585,132218
"Wilson, Phil",LAB,Sedgefield,17312,0,15745,61478,915,3192,760,0,2916,14950,117268
"Wilson, Sammy",DUP,East Antrim,14557,0,19154,88089,631,2240,1355,0,9931,20975,156932
"Winnick, Mr David",LAB,Walsall North,9530,0,11575,67554,294,1109,1029,0,0,5111,96202
"Winterton, Lady Ann",CON,Congleton,20194,0,14375,78990,821,2013,1137,0,0,3822,121352
"Winterton, Rt Hon Rosie",LAB,Doncaster Central,21631,0,10539,85780,1486,5461,1034,0,2828,7440,136199
"Winterton, Sir Nicholas",CON,Macclesfield,14918,0,7812,55388,1045,2997,919,0,0,6054,89133
"Wishart, Pete",SNP,Perth and North Perthshire,21737,0,24165,76669,1204,3838,1159,0,10297,28777,167846
"Wood, Mike",LAB,Batley & Spen,17976,0,11129,100135,1007,3410,1164,1678,2881,5604,144984
"Woodward, Rt Hon Shaun",LAB,St Helens South,23083,0,27763,84040,771,841,1222,0,9325,5777,152822
"Woolas, Mr Phil",LAB,Oldham East & Saddleworth,23083,0,21319,88848,658,2363,1405,0,11372,20379,169427
"Wright, David",LAB,Telford,22573,0,13678,89442,871,2505,1268,0,16986,7525,154848
"Wright, Dr Tony",LAB,Cannock Chase,16162,0,15431,78159,743,2643,947,1073,1924,8520,125602
"Wright, Jeremy",CON,Rugby & Kenilworth,20409,0,17217,80427,859,1554,1163,0,8206,5769,135604
"Wright, Mr Anthony",LAB,Great Yarmouth,23083,0,23335,84937,868,1238,1325,0,11330,8509,154625
"Wright, Mr Iain",LAB,Hartlepool,17882,0,20221,84844,884,1794,1316,0,644,15263,142848
"Wyatt, Derek",LAB,Sittingbourne & Sheppey,23083,0,18662,91575,1520,5444,1151,0,10729,3993,156157
"Yeo, Mr Tim",CON,Suffolk South,23083,0,15720,96123,686,1680,1339,0,9128,5599,153358
"Young, Rt Hon Sir George",CON,Hampshire North West,23083,0,8665,83682,830,3788,1198,0,1631,6006,128883
"Younger-Ross, Richard",LD,Teignbridge,22228,0,29819,78978,1482,274,1148,0,10520,13392,157841
